Microsoft Windows [Version 10.0.19045.4291]
(c) Microsoft Corporation. All rights reserved.

C:\Users\Rachmat Ashari>cd ../..

C:\>cd xampp/mysql/bin

C:\xampp\mysql\bin>mysql -u root -p
Enter password:
Welcome to the MariaDB monitor.  Commands end with ; or \g.
Your MariaDB connection id is 145
Server version: 10.4.32-MariaDB mariadb.org binary distribution

Copyright (c) 2000, 2018, Oracle, MariaDB Corporation Ab and others.

Type 'help;' or '\h' for help. Type '\c' to clear the current input statement.

MariaDB [(none)]> use sib6
Database changed
MariaDB [sib6]> show tables;
+-------------------------+
| Tables_in_sib6          |
+-------------------------+
| failed_jobs             |
| jenis_produk            |
| kartu                   |
| lihat_vendor            |
| member                  |
| migrations              |
| password_reset_tokens   |
| password_resets         |
| pelanggan               |
| pembayaran              |
| pembelian               |
| personal_access_tokens  |
| pesanan                 |
| pesanan_items           |
| pesanan_pelanggan_kartu |
| produk                  |
| staff                   |
| users                   |
| vendor                  |
+-------------------------+
19 rows in set (0.001 sec)

MariaDB [sib6]> select * from produk;
+----+--------+-------------------+------------+------------+------+----------+------------------------+---------------------------------------------------------------------------------------------------------------------------------------------------------------------------------------------------------------------+-----------------+
| id | kode   | nama              | harga_beli | harga_jual | stok | min_stok | foto                   | deskripsi                                                                                                                                                                                                           | jenis_produk_id |
+----+--------+-------------------+------------+------------+------+----------+------------------------+---------------------------------------------------------------------------------------------------------------------------------------------------------------------------------------------------------------------+-----------------+
|  1 | TV01   | Televisi 21 inchs |    3500000 |   50500000 |    5 |        2 |                        | NULL                                                                                                                                                                                                                |               1 |
|  2 | TV02   | Televisi 40 inch  |    5500000 |    7440000 |    4 |        2 | NULL                   | NULL                                                                                                                                                                                                                |               1 |
|  3 | K001   | Kulkas 2 pintu    |    3500000 |    4680000 |    6 |        2 |                        | NULL                                                                                                                                                                                                                |               1 |
|  4 | M001   | Meja Makan        |     500000 |     600000 |    4 |        3 | NULL                   | NULL                                                                                                                                                                                                                |               2 |
|  5 | TK01   | Teh Kotak         |       3000 |       3500 |    6 |       10 | foto-5.png             | NULL                                                                                                                                                                                                                |               4 |
|  6 | PC01   | PC Desktop HP     |    7000000 |    9984000 |    9 |        2 | NULL                   | NULL                                                                                                                                                                                                                |               5 |
|  7 | TB01   | Teh Botol         |       2000 |       2500 |   53 |       10 | foto-7.jpg             | NULL                                                                                                                                                                                                                |               4 |
|  8 | AC01   | Notebook Acer S   |    8000000 |   11232000 |    7 |        2 | NULL                   | NULL                                                                                                                                                                                                                |               5 |
|  9 | LN01   | Notebook Lenovo   |    9000000 |   12480000 |    9 |        2 | NULL                   | NULL                                                                                                                                                                                                                |               5 |
| 11 | L005   | Laptop Lenovo     |   13000000 |   16000000 |    5 |        2 |                        | NULL                                                                                                                                                                                                                |               1 |
| 15 | L112   | Kopi              |      20000 |      30000 |   10 |       15 | foto-15.png            | Luwak White Coffee merupakan bubuk biji kopi luwak yang dikombinasikan dengan gurihnya krimer serta manisnya gula. Keharuman kopi serta rasa manisnya yang pas juga membuat popularitas Luwak White Coffee melejit. |               4 |
| 16 | L113   | Teh Sosro 2       |      10000 |      15000 |   10 |       12 | .png                   | NULL                                                                                                                                                                                                                |               1 |
| 18 | L0015  | Laptop Asus       |    3000000 |    5000000 |   10 |       20 | foto-65542ffa66604.jpg | NULL                                                                                                                                                                                                                |               1 |
| 19 | TV0115 | Televisi 22 inc`  |    3500000 |   50500000 |    5 |        2 | NULL                   | NULL                                                                                                                                                                                                                |               1 |
| 20 | TV0116 | Televisi 23 inc   |    3500000 |   50500000 |    5 |        2 | NULL                   | NULL                                                                                                                                                                                                                |               1 |
| 21 | TV0117 | Televisi 24 inc   |    3500000 |   50500000 |    5 |        2 | NULL                   | NULL                                                                                                                                                                                                                |               1 |
| 22 | TV0118 | Televisi 25 inc   |    3500000 |   50500000 |    5 |        2 | NULL                   | NULL                                                                                                                                                                                                                |               1 |
| 24 | TV0120 | Televisi 27 inc   |    3500000 |   50500000 |    5 |        2 | NULL                   | NULL                                                                                                                                                                                                                |               1 |
| 25 | TV0121 | Televisi 28 inc   |    3500000 |   50500000 |    5 |        2 | NULL                   | NULL                                                                                                                                                                                                                |               1 |
| 26 | TV0122 | Televisi 29 inc   |    3500000 |   50500000 |    5 |        2 | NULL                   | NULL                                                                                                                                                                                                                |               1 |
| 27 | THP001 | Teh Pucuk         |       4000 |       5000 |   10 |        2 | pucuk.jpg              | Teh pucuk adalah                                                                                                                                                                                                    |               4 |
| 28 | THP002 | Teh Pucuk2        |       4000 |       5000 |   10 |        2 | pucuk.jpg              | Teh pucuk adalah                                                                                                                                                                                                    |               4 |
+----+--------+-------------------+------------+------------+------+----------+------------------------+---------------------------------------------------------------------------------------------------------------------------------------------------------------------------------------------------------------------+-----------------+
22 rows in set (0.001 sec)

MariaDB [sib6]> select * from produk order by harga_beli desc limit 2;
+----+------+-----------------+------------+------------+------+----------+------+-----------+-----------------+
| id | kode | nama            | harga_beli | harga_jual | stok | min_stok | foto | deskripsi | jenis_produk_id |
+----+------+-----------------+------------+------------+------+----------+------+-----------+-----------------+
| 11 | L005 | Laptop Lenovo   |   13000000 |   16000000 |    5 |        2 |      | NULL      |               1 |
|  9 | LN01 | Notebook Lenovo |    9000000 |   12480000 |    9 |        2 | NULL | NULL      |               5 |
+----+------+-----------------+------------+------------+------+----------+------+-----------+-----------------+
2 rows in set (0.001 sec)

MariaDB [sib6]> select * from produk where harga_beli = ( select min(harga_beli) from produk);
+----+------+-----------+------------+------------+------+----------+------------+-----------+-----------------+
| id | kode | nama      | harga_beli | harga_jual | stok | min_stok | foto       | deskripsi | jenis_produk_id |
+----+------+-----------+------------+------------+------+----------+------------+-----------+-----------------+
|  7 | TB01 | Teh Botol |       2000 |       2500 |   53 |       10 | foto-7.jpg | NULL      |               4 |
+----+------+-----------+------------+------------+------+----------+------------+-----------+-----------------+
1 row in set (0.046 sec)

MariaDB [sib6]> select * from produk order by harga_beli asc limit 2;
+----+------+-----------+------------+------------+------+----------+------------+-----------+-----------------+
| id | kode | nama      | harga_beli | harga_jual | stok | min_stok | foto       | deskripsi | jenis_produk_id |
+----+------+-----------+------------+------------+------+----------+------------+-----------+-----------------+
|  7 | TB01 | Teh Botol |       2000 |       2500 |   53 |       10 | foto-7.jpg | NULL      |               4 |
|  5 | TK01 | Teh Kotak |       3000 |       3500 |    6 |       10 | foto-5.png | NULL      |               4 |
+----+------+-----------+------------+------------+------+----------+------------+-----------+-----------------+
2 rows in set (0.000 sec)

MariaDB [sib6]> select * from produk order by stok desc limit 1;
+----+------+-----------+------------+------------+------+----------+------------+-----------+-----------------+
| id | kode | nama      | harga_beli | harga_jual | stok | min_stok | foto       | deskripsi | jenis_produk_id |
+----+------+-----------+------------+------------+------+----------+------------+-----------+-----------------+
|  7 | TB01 | Teh Botol |       2000 |       2500 |   53 |       10 | foto-7.jpg | NULL      |               4 |
+----+------+-----------+------------+------------+------+----------+------------+-----------+-----------------+
1 row in set (0.000 sec)

MariaDB [sib6]> select * from produk order by stok asc limit 2;
+----+------+------------------+------------+------------+------+----------+------+-----------+-----------------+
| id | kode | nama             | harga_beli | harga_jual | stok | min_stok | foto | deskripsi | jenis_produk_id |
+----+------+------------------+------------+------------+------+----------+------+-----------+-----------------+
|  2 | TV02 | Televisi 40 inch |    5500000 |    7440000 |    4 |        2 | NULL | NULL      |               1 |
|  4 | M001 | Meja Makan       |     500000 |     600000 |    4 |        3 | NULL | NULL      |               2 |
+----+------+------------------+------------+------------+------+----------+------+-----------+-----------------+
2 rows in set (0.001 sec)

MariaDB [sib6]> select * from pelanggan order by tgl_lahir asc limit 1;
+----+------+--------------+----+------------+------------+-----------------+----------+
| id | kode | nama         | jk | tmp_lahir  | tgl_lahir  | email           | kartu_id |
+----+------+--------------+----+------------+------------+-----------------+----------+
|  2 | C002 | Pandan Wangi | P  | Yogyakarta | 1950-01-01 | wangi@gmail.com |        2 |
+----+------+--------------+----+------------+------------+-----------------+----------+
1 row in set (0.036 sec)

MariaDB [sib6]> select * from pelanggan order by tgl_lahir desc limit 1;
+----+-------+------+----+-----------+------------+---------------+----------+
| id | kode  | nama | jk | tmp_lahir | tgl_lahir  | email         | kartu_id |
+----+-------+------+----+-----------+------------+---------------+----------+
| 12 | K0011 | Ira  | P  | Jakarta   | 2023-11-07 | ira@gmail.com |        4 |
+----+-------+------+----+-----------+------------+---------------+----------+
1 row in set (0.000 sec)

MariaDB [sib6]>